{
    "niter": 2812,
    "logz": -10006.030000000012,
    "logzerr": 0.7071054733260196,
    "logz_bs": -10006.019780908855,
    "logz_single": -10006.030000000012,
    "logzerr_tail": 0.6931471805601177,
    "logzerr_bs": 0.13980392158009636,
    "ess": 399.99999999999983,
    "H": 12.020214183576172,
    "Herr": 0.1256793760386243,
    "posterior": {
        "mean": [
            0.4665183268008265,
            3.610117492620437,
            51.930613871265855
        ],
        "stdev": [
            0.056342443030613525,
            0.33863824415638893,
            26.39260428172838
        ],
        "median": [
            0.4764223090221924,
            3.6496732426962124,
            51.292557501422564
        ],
        "errlo": [
            0.40699060032815493,
            3.245434496654414,
            22.804358423437257
        ],
        "errup": [
            0.521945805507579,
            3.944611917075205,
            79.10719189323731
        ],
        "information_gain_bits": [
            3.860338502959631,
            -2.867355962275091,
            -4.853354753302295
        ]
    },
    "maximum_likelihood": {
        "logl": -10000.0,
        "point": [
            0.4590160112805852,
            3.706314521492117,
            39.23346608439977
        ],
        "point_untransformed": [
            0.017346214988430253,
            0.27847729750090044,
            0.22681010987446848
        ]
    },
    "ncall": 25170,
    "paramnames": [
        "gamma",
        "delta",
        "nu_max"
    ],
    "logzerr_single": 0.173350902677028,
    "insertion_order_MWW_test": {
        "independent_iterations": Infinity,
        "converged": true
    }
}