{
    "niter": 2829,
    "logz": -10006.072500000011,
    "logzerr": 0.7260008117883783,
    "logz_bs": -10006.083301352852,
    "logz_single": -10006.072500000011,
    "logzerr_tail": 0.6931471805601177,
    "logzerr_bs": 0.21592629482984194,
    "ess": 399.9999999999999,
    "H": 12.062714286686969,
    "Herr": 0.11733385521116108,
    "posterior": {
        "mean": [
            0.464698496928479,
            3.626359570982474,
            46.513615334377086
        ],
        "stdev": [
            0.05909092426529482,
            0.35772478376066597,
            25.35856341535977
        ],
        "median": [
            0.4750980677917842,
            3.6315063743781226,
            47.133369634474725
        ],
        "errlo": [
            0.4064069864682387,
            3.3084136898265046,
            17.54473138069983
        ],
        "errup": [
            0.5225865127594607,
            3.966575350276789,
            71.96726311136088
        ],
        "information_gain_bits": [
            3.85929165702892,
            -3.626069762525862,
            -4.880602173554196
        ]
    },
    "maximum_likelihood": {
        "logl": -10000.0,
        "point": [
            0.4969306736945216,
            3.7150392164521557,
            78.660758598246
        ],
        "point_untransformed": [
            0.021099312354678768,
            0.2843654481456789,
            0.7268225566618901
        ]
    },
    "ncall": 30118,
    "paramnames": [
        "gamma",
        "delta",
        "nu_max"
    ],
    "logzerr_single": 0.1736570923305968,
    "insertion_order_MWW_test": {
        "independent_iterations": Infinity,
        "converged": true
    }
}