{
    "niter": 2721,
    "logz": -10005.802500000013,
    "logzerr": 0.7246694997931177,
    "logz_bs": -10005.786641317922,
    "logz_single": -10005.802500000013,
    "logzerr_tail": 0.6931471805601177,
    "logzerr_bs": 0.21140688260311435,
    "ess": 400.0,
    "H": 11.792713399627246,
    "Herr": 0.1297582938369023,
    "posterior": {
        "mean": [
            0.4632829692744546,
            3.6016936023386763,
            51.17908642136159
        ],
        "stdev": [
            0.06305046968909087,
            0.37012699042547176,
            26.831420895961624
        ],
        "median": [
            0.4753450951339391,
            3.626320246841568,
            51.90302176121147
        ],
        "errlo": [
            0.39866560201940393,
            3.235310079961343,
            21.55926976626678
        ],
        "errup": [
            0.5240919058465926,
            3.9911896262236763,
            79.36624299689615
        ],
        "information_gain_bits": [
            3.8490046976775187,
            -3.2912149262641663,
            -4.99630194751626
        ]
    },
    "maximum_likelihood": {
        "logl": -10000.0,
        "point": [
            0.3787029180270718,
            3.231605118361336,
            61.64416262172551
        ],
        "point_untransformed": [
            0.011126620237317253,
            0.06217240051622497,
            0.5107221228442772
        ]
    },
    "ncall": 21361,
    "paramnames": [
        "gamma",
        "delta",
        "nu_max"
    ],
    "logzerr_single": 0.17170260189952893,
    "insertion_order_MWW_test": {
        "independent_iterations": Infinity,
        "converged": true
    }
}