{
    "niter": 2598,
    "logz": -10005.495000000012,
    "logzerr": 0.7295448723642338,
    "logz_bs": -10005.49859078848,
    "logz_single": -10005.495000000012,
    "logzerr_tail": 0.6931471805601177,
    "logzerr_bs": 0.22755813954790938,
    "ess": 399.9999999999999,
    "H": 11.48383558858768,
    "Herr": 0.12559884303493682,
    "posterior": {
        "mean": [
            0.4728708455539525,
            3.6441597233013634,
            49.74838438177009
        ],
        "stdev": [
            0.05441526488889155,
            0.34809435825470836,
            26.461538841385284
        ],
        "median": [
            0.4821314568093107,
            3.6528186209321554,
            49.19009232579279
        ],
        "errlo": [
            0.42189692537564305,
            3.3095586929409464,
            20.733730505967024
        ],
        "errup": [
            0.5247576344001624,
            3.9763260682492936,
            77.171454718525
        ],
        "information_gain_bits": [
            3.8614231395454386,
            -3.28766898964848,
            -4.9785819601479835
        ]
    },
    "maximum_likelihood": {
        "logl": -10000.0,
        "point": [
            0.5655616568030863,
            4.3885793481606665,
            28.53940872100977
        ],
        "point_untransformed": [
            0.029509923627746182,
            0.7814674262812535,
            0.12730737088738475
        ]
    },
    "ncall": 16857,
    "paramnames": [
        "gamma",
        "delta",
        "nu_max"
    ],
    "logzerr_single": 0.16943904205191082,
    "insertion_order_MWW_test": {
        "independent_iterations": Infinity,
        "converged": true
    }
}